,precision,recall,f1-score,support
crazing,1.0,1.0,1.0,60.0
inclusion,1.0,0.9833333333333333,0.9915966386554622,60.0
patches,1.0,1.0,1.0,60.0
pitted_surface,1.0,1.0,1.0,60.0
rolled-in_scale,1.0,1.0,1.0,60.0
scratches,0.9836065573770492,1.0,0.9917355371900827,60.0
accuracy,0.9972222222222222,0.9972222222222222,0.9972222222222222,0.9972222222222222
macro avg,0.9972677595628415,0.9972222222222222,0.9972220293075909,360.0
weighted avg,0.9972677595628414,0.9972222222222222,0.9972220293075909,360.0
